-- --------------------------------------------------------
-- Host:                         127.0.0.1
-- Server version:               8.0.30 - MySQL Community Server - GPL
-- Server OS:                    Win64
-- HeidiSQL Version:             12.1.0.6537
-- --------------------------------------------------------

/*!40101 SET @OLD_CHARACTER_SET_CLIENT=@@CHARACTER_SET_CLIENT */;
/*!40101 SET NAMES utf8 */;
/*!50503 SET NAMES utf8mb4 */;
/*!40103 SET @OLD_TIME_ZONE=@@TIME_ZONE */;
/*!40103 SET TIME_ZONE='+00:00' */;
/*!40014 SET @OLD_FOREIGN_KEY_CHECKS=@@FOREIGN_KEY_CHECKS, FOREIGN_KEY_CHECKS=0 */;
/*!40101 SET @OLD_SQL_MODE=@@SQL_MODE, SQL_MODE='NO_AUTO_VALUE_ON_ZERO' */;
/*!40111 SET @OLD_SQL_NOTES=@@SQL_NOTES, SQL_NOTES=0 */;


-- Dumping database structure for recommendation
CREATE DATABASE IF NOT EXISTS `recommendation` /*!40100 DEFAULT CHARACTER SET utf8mb4 COLLATE utf8mb4_0900_ai_ci */ /*!80016 DEFAULT ENCRYPTION='N' */;
USE `recommendation`;

-- Dumping structure for table recommendation.companies
CREATE TABLE IF NOT EXISTS `companies` (
  `id` int NOT NULL,
  `company` varchar(110) NOT NULL,
  PRIMARY KEY (`id`)
) ENGINE=InnoDB DEFAULT CHARSET=utf8mb4 COLLATE=utf8mb4_0900_ai_ci;

-- Dumping data for table recommendation.companies: ~4 rows (approximately)
INSERT INTO `companies` (`id`, `company`) VALUES
	(2, 'Walt Disney Pictures'),
	(3, 'Pixar Animation Studios'),
	(4, 'Paramount Pictures'),
	(5, 'Columbia Pictures'),
	(14, 'Miramax Films'),
	(33, 'Universal Pictures'),
	(56, 'Amblin Entertainment'),
	(59, 'A Band Apart'),
	(60, 'United Artists'),
	(97, 'Castle Rock Entertainment'),
	(183, 'Le Studio Canal+'),
	(258, 'Scott Rudin Productions'),
	(306, 'Twentieth Century Fox Film Corporation'),
	(415, 'Laurence Mark Productions'),
	(441, 'Columbia Pictures Corporation'),
	(508, 'Regency Enterprises'),
	(559, 'TriStar Pictures'),
	(675, 'Forward Pass'),
	(915, 'Hollywood Pictures'),
	(932, 'Mirage Enterprises'),
	(1504, 'Cinergi Pictures Entertainment'),
	(2550, 'Teitler Film'),
	(4105, 'Amblimation'),
	(5682, 'O Entertainment'),
	(5842, 'Sandollar Productions'),
	(6194, 'Warner Bros.'),
	(6368, 'Enigma Pictures'),
	(7576, 'Eon Productions'),
	(8411, 'Metro-Goldwyn-Mayer (MGM)'),
	(9195, 'Touchstone Pictures'),
	(10201, 'Interscope Communications'),
	(10210, 'Morgan Creek Productions'),
	(10898, 'Légende Entreprises'),
	(11583, 'Syalis DA'),
	(11584, 'De Fina-Cappa'),
	(14723, 'Carolco Pictures'),
	(14941, 'Constellation Entertainment'),
	(19464, 'Lancaster Gate'),
	(21437, 'Imperial Entertainment'),
	(23770, 'Signature Entertainment'),
	(55873, 'Worldwide'),
	(58079, 'Mont Blanc Entertainment GmbH');

-- Dumping structure for table recommendation.company_movie
CREATE TABLE IF NOT EXISTS `company_movie` (
  `id` int NOT NULL AUTO_INCREMENT,
  `company_id` int NOT NULL,
  `movie_id` bigint NOT NULL,
  PRIMARY KEY (`id`),
  KEY `movie_id` (`movie_id`),
  KEY `company_id` (`company_id`),
  CONSTRAINT `company_movie_ibfk_1` FOREIGN KEY (`movie_id`) REFERENCES `movies` (`id`) ON DELETE CASCADE,
  CONSTRAINT `company_movie_ibfk_2` FOREIGN KEY (`company_id`) REFERENCES `companies` (`id`) ON DELETE CASCADE
) ENGINE=InnoDB AUTO_INCREMENT=9 DEFAULT CHARSET=utf8mb4 COLLATE=utf8mb4_0900_ai_ci;

-- Dumping data for table recommendation.company_movie: ~2 rows (approximately)
INSERT INTO `company_movie` (`id`, `company_id`, `movie_id`) VALUES
	(5, 33, 21032),
	(8, 6194, 9273);

-- Dumping structure for table recommendation.countries
CREATE TABLE IF NOT EXISTS `countries` (
  `id` int NOT NULL AUTO_INCREMENT,
  `short` varchar(2) NOT NULL,
  `country_name` varchar(50) NOT NULL,
  PRIMARY KEY (`id`)
) ENGINE=InnoDB AUTO_INCREMENT=9 DEFAULT CHARSET=utf8mb4 COLLATE=utf8mb4_0900_ai_ci;

-- Dumping data for table recommendation.countries: ~8 rows (approximately)
INSERT INTO `countries` (`id`, `short`, `country_name`) VALUES
	(1, 'US', 'United States of America'),
	(2, 'DE', 'Germany'),
	(3, 'GB', 'United Kingdom'),
	(4, 'FR', 'France'),
	(5, 'IT', 'Italy'),
	(6, 'ES', 'Spain'),
	(7, 'CN', 'China'),
	(8, 'AU', 'Australia');

-- Dumping structure for table recommendation.country_movie
CREATE TABLE IF NOT EXISTS `country_movie` (
  `id` int NOT NULL AUTO_INCREMENT,
  `country_id` int NOT NULL,
  `movie_id` bigint NOT NULL,
  PRIMARY KEY (`id`),
  KEY `movie_id` (`movie_id`),
  KEY `country_id` (`country_id`),
  CONSTRAINT `country_movie_ibfk_1` FOREIGN KEY (`movie_id`) REFERENCES `movies` (`id`) ON DELETE CASCADE,
  CONSTRAINT `country_movie_ibfk_2` FOREIGN KEY (`country_id`) REFERENCES `countries` (`id`) ON DELETE CASCADE
) ENGINE=InnoDB AUTO_INCREMENT=52 DEFAULT CHARSET=utf8mb4 COLLATE=utf8mb4_0900_ai_ci;

-- Dumping data for table recommendation.country_movie: ~7 rows (approximately)
INSERT INTO `country_movie` (`id`, `country_id`, `movie_id`) VALUES
	(1, 1, 862),
	(3, 1, 15602),
	(5, 1, 11862),
	(11, 3, 710),
	(12, 1, 710),
	(16, 1, 21032),
	(27, 1, 9273);

-- Dumping structure for table recommendation.failed_jobs
CREATE TABLE IF NOT EXISTS `failed_jobs` (
  `id` bigint unsigned NOT NULL AUTO_INCREMENT,
  `uuid` varchar(255) CHARACTER SET utf8mb4 COLLATE utf8mb4_unicode_ci NOT NULL,
  `connection` text CHARACTER SET utf8mb4 COLLATE utf8mb4_unicode_ci NOT NULL,
  `queue` text CHARACTER SET utf8mb4 COLLATE utf8mb4_unicode_ci NOT NULL,
  `payload` longtext CHARACTER SET utf8mb4 COLLATE utf8mb4_unicode_ci NOT NULL,
  `exception` longtext CHARACTER SET utf8mb4 COLLATE utf8mb4_unicode_ci NOT NULL,
  `failed_at` timestamp NOT NULL DEFAULT CURRENT_TIMESTAMP,
  PRIMARY KEY (`id`),
  UNIQUE KEY `failed_jobs_uuid_unique` (`uuid`)
) ENGINE=InnoDB DEFAULT CHARSET=utf8mb4 COLLATE=utf8mb4_unicode_ci;

-- Dumping data for table recommendation.failed_jobs: ~0 rows (approximately)

-- Dumping structure for table recommendation.genres
CREATE TABLE IF NOT EXISTS `genres` (
  `id` int NOT NULL,
  `genre` varchar(20) NOT NULL,
  PRIMARY KEY (`id`)
) ENGINE=InnoDB DEFAULT CHARSET=utf8mb4 COLLATE=utf8mb4_0900_ai_ci;

-- Dumping data for table recommendation.genres: ~12 rows (approximately)
INSERT INTO `genres` (`id`, `genre`) VALUES
	(12, 'Adventure'),
	(14, 'Fantasy'),
	(16, 'Animation'),
	(18, 'Drama'),
	(27, 'Horror'),
	(28, 'Action'),
	(35, 'Comedy'),
	(36, 'History'),
	(53, 'Thriller'),
	(80, 'Crime'),
	(10749, 'Romance'),
	(10751, 'Family');

-- Dumping structure for table recommendation.genre_movie
CREATE TABLE IF NOT EXISTS `genre_movie` (
  `id` int NOT NULL AUTO_INCREMENT,
  `genre_id` int NOT NULL,
  `movie_id` bigint NOT NULL,
  PRIMARY KEY (`id`),
  KEY `movie_id` (`movie_id`),
  KEY `genre_id` (`genre_id`),
  CONSTRAINT `genre_movie_ibfk_1` FOREIGN KEY (`movie_id`) REFERENCES `movies` (`id`) ON DELETE CASCADE,
  CONSTRAINT `genre_movie_ibfk_2` FOREIGN KEY (`genre_id`) REFERENCES `genres` (`id`) ON DELETE CASCADE
) ENGINE=InnoDB AUTO_INCREMENT=53 DEFAULT CHARSET=utf8mb4 COLLATE=utf8mb4_0900_ai_ci;

-- Dumping data for table recommendation.genre_movie: ~15 rows (approximately)
INSERT INTO `genre_movie` (`id`, `genre_id`, `movie_id`) VALUES
	(1, 16, 862),
	(2, 35, 862),
	(3, 10751, 862),
	(7, 10749, 15602),
	(8, 35, 15602),
	(12, 35, 11862),
	(26, 12, 710),
	(27, 28, 710),
	(28, 53, 710),
	(34, 10751, 21032),
	(35, 16, 21032),
	(36, 12, 21032),
	(47, 80, 9273),
	(48, 35, 9273),
	(49, 12, 9273);

-- Dumping structure for table recommendation.images
CREATE TABLE IF NOT EXISTS `images` (
  `id` bigint NOT NULL AUTO_INCREMENT,
  `poster_path` varchar(40) DEFAULT NULL,
  `backdrop_path` varchar(40) DEFAULT NULL,
  `movie_id` bigint NOT NULL,
  PRIMARY KEY (`id`),
  KEY `movie_id` (`movie_id`),
  CONSTRAINT `images_ibfk_1` FOREIGN KEY (`movie_id`) REFERENCES `movies` (`id`) ON DELETE CASCADE
) ENGINE=InnoDB AUTO_INCREMENT=14 DEFAULT CHARSET=utf8mb4 COLLATE=utf8mb4_0900_ai_ci;

-- Dumping data for table recommendation.images: ~6 rows (approximately)
INSERT INTO `images` (`id`, `poster_path`, `backdrop_path`, `movie_id`) VALUES
	(1, '/7G9915LfUQ2lVfwMEEhDsn3kT4B.jpg', '/9FBwqcd9IRruEDUrTdcaafOMKUq.jpg', 862),
	(2, '/nLvUdqgPgm3F85NMCii9gVFUcet.jpg', '/hypTnLot2z8wpFS7qwsQHW1uV8u.jpg', 15602),
	(3, '/nts4iOmNnq7GNicycMJ9pSAn204.jpg', '/7qwE57OVZmMJChBpLEbJEmzUydk.jpg', 11862),
	(4, '/HORpg5CSkmeQlAolx3bKMrKgfi.jpg', '/6VcVl48kNKvdXOZfJPdarlUGOsk.jpg', 710),
	(5, '/w0ZgH6Lgxt2bQYnf1ss74UvYftm.jpg', '/9VM5LiJV0bGb1st1KyHA3cVnO2G.jpg', 21032),
	(6, '/qCxH543pScFed1CycwJ1nVgrkOc.jpg', '/bswWgdDsLu0fhWMYUzLF8XgiK4h.jpg', 9273);

-- Dumping structure for table recommendation.keywords
CREATE TABLE IF NOT EXISTS `keywords` (
  `id` int NOT NULL,
  `keyword` varchar(50) NOT NULL,
  PRIMARY KEY (`id`)
) ENGINE=InnoDB DEFAULT CHARSET=utf8mb4 COLLATE=utf8mb4_0900_ai_ci;

-- Dumping data for table recommendation.keywords: ~612 rows (approximately)
INSERT INTO `keywords` (`id`, `keyword`) VALUES
	(30, 'individual'),
	(90, 'paris'),
	(128, 'love triangle'),
	(222, 'schizophrenia'),
	(236, 'suicide'),
	(240, 'underdog'),
	(246, 'dancing'),
	(248, 'date'),
	(258, 'bomb'),
	(271, 'competition'),
	(276, 'philadelphia'),
	(277, 'cassandra syndrom'),
	(278, 'stockholm syndrome'),
	(312, 'man vs machine'),
	(376, 'neo-nazi'),
	(378, 'prison'),
	(379, 'skinhead'),
	(380, 'brother brother relationship'),
	(383, 'poker'),
	(392, 'england'),
	(395, 'gambling'),
	(398, 'slang'),
	(402, 'clone'),
	(409, 'africa'),
	(416, 'miami'),
	(417, 'corruption'),
	(420, 'bowling'),
	(437, 'painter'),
	(441, 'assassination'),
	(459, 'sexual obsession'),
	(460, 'free love'),
	(476, 'self-fulfilling prophecy'),
	(477, 'train station'),
	(490, 'philosophy'),
	(494, 'father son relationship'),
	(497, 'shakespeare'),
	(549, 'prostitute'),
	(567, 'alcohol'),
	(570, 'rape'),
	(572, 'sex'),
	(585, 'casino'),
	(591, 'cia'),
	(596, 'adultery'),
	(612, 'hotel'),
	(613, 'new year s eve'),
	(616, 'witch'),
	(622, 'bet'),
	(642, 'robbery'),
	(699, 'love at first sight'),
	(701, 'cuba'),
	(703, 'detective'),
	(720, 'helicopter'),
	(725, 'lovesickness'),
	(726, 'drug abuse'),
	(745, 'nun'),
	(769, 'falsely accused'),
	(772, 'handcuffs'),
	(779, 'martial arts'),
	(791, 'mentally disabled'),
	(796, 'police brutality'),
	(797, 'showdown'),
	(798, 'sheriff'),
	(801, 'bounty hunter'),
	(818, 'based on novel'),
	(833, 'white house'),
	(840, 'usa president'),
	(887, 'film producer'),
	(888, 'screenwriter'),
	(897, 'rap music'),
	(898, 'hip-hop'),
	(911, 'exotic island'),
	(922, 'hotel room'),
	(931, 'jealousy'),
	(936, 'loss of mother'),
	(949, 'terrorist'),
	(964, 'servant'),
	(970, 'parent child relationship'),
	(974, 'bank'),
	(977, 'cat'),
	(1009, 'baby'),
	(1228, '1970s'),
	(1233, 'composer'),
	(1261, 'river'),
	(1279, 'medicine'),
	(1299, 'monster'),
	(1308, 'secret identity'),
	(1310, 'mentor'),
	(1316, 'captain'),
	(1334, 'wedding vows'),
	(1353, 'underground'),
	(1357, 'fish'),
	(1417, 'jurors'),
	(1419, 'gun'),
	(1422, 'boat'),
	(1442, 'winter'),
	(1454, 'treasure'),
	(1459, 'marriage proposal'),
	(1463, 'culture clash'),
	(1470, 's.w.a.t.'),
	(1495, 'fishing'),
	(1523, 'obsession'),
	(1525, 'puberty'),
	(1551, 'indigenous'),
	(1552, 'subway'),
	(1562, 'hostage'),
	(1566, 'dream'),
	(1568, 'undercover'),
	(1587, 'way of life'),
	(1599, 'midlife crisis'),
	(1601, 'war on drugs'),
	(1605, 'new love'),
	(1635, 'deaf-mute'),
	(1653, 'explosive'),
	(1664, 'eroticism'),
	(1666, 'mexican standoff'),
	(1812, 'fbi'),
	(1825, 'countdown'),
	(1842, 'village life'),
	(1909, 'coffin'),
	(1919, 'mayor'),
	(1930, 'kidnapping'),
	(1936, 'blackmail'),
	(1952, 'socially deprived family'),
	(1956, 'world war ii'),
	(1969, 'map'),
	(1974, 'breakdance'),
	(1975, 'arabian'),
	(1977, 'denver'),
	(1990, 'cupboard'),
	(1992, 'professor'),
	(1994, 'wolf'),
	(2022, 'godmother'),
	(2041, 'island'),
	(2060, 'penalty'),
	(2072, 'chauffeur'),
	(2082, 'sailing trip'),
	(2098, 'fountain'),
	(2122, 'death penalty'),
	(2136, 'television'),
	(2157, 'hacker'),
	(2231, 'drug dealer'),
	(2246, 'confidence'),
	(2300, 'despair'),
	(2311, 'cabaret'),
	(2335, 'southern france'),
	(2340, 'paranoia'),
	(2350, 'seattle'),
	(2383, 'feminism'),
	(2393, 'adoption'),
	(2398, 'narration'),
	(2483, 'nudity'),
	(2492, 'bank robber'),
	(2501, 'death row'),
	(2526, 'human animal relationship'),
	(2538, 'begnadigung'),
	(2587, 'married couple'),
	(2635, 'overdose'),
	(2672, 'baltimore'),
	(2679, 'artist'),
	(2682, 'shanghai'),
	(2700, 'sperm'),
	(2708, 'hitman'),
	(2726, 'therapist'),
	(2755, 'country life'),
	(2778, 'florist'),
	(2792, 'boxer'),
	(2796, 'self-discovery'),
	(2800, 'psychology'),
	(2801, 'self-defense'),
	(2808, 'russian'),
	(2812, 'computer virus'),
	(2885, 'prison cell'),
	(2913, 'diary'),
	(2918, 'estate agent'),
	(2946, 'presidential election'),
	(2992, 'diva'),
	(3012, 'court case'),
	(3020, 'sheep'),
	(3045, 'mission of murder'),
	(3133, 'vampire'),
	(3154, 'indian summer '),
	(3180, 'sailing'),
	(3190, 'menage a trois'),
	(3203, 'pilot'),
	(3268, 'secret base'),
	(3272, 'secret intelligence service'),
	(3278, 'kgb'),
	(3344, 'letter'),
	(3371, 'family history'),
	(3376, 'satellite'),
	(3436, 'karate'),
	(3437, 'death sentence'),
	(3440, 'doomed man'),
	(3441, 'sentence'),
	(3442, 'lethal injection'),
	(3446, 'forgiveness'),
	(3447, 'charity'),
	(3448, 'mercy petition'),
	(3531, 'special car'),
	(3560, 'cossack'),
	(3561, 'electromagnetic pulse'),
	(3562, 'time bomb'),
	(3563, 'st. petersburg russia'),
	(3564, 'ejection seat'),
	(3591, 'settler'),
	(3597, 'evisceration'),
	(3616, 'college'),
	(3630, 'half vampire'),
	(3633, 'dracula'),
	(3644, 'south africa'),
	(3649, 'holy water'),
	(3691, 'forbidden love'),
	(3703, 'law'),
	(3713, 'chase'),
	(3737, 'dying and death'),
	(3799, 'ship'),
	(3857, 'lust and impulsiveness'),
	(3925, 'boredom'),
	(3927, 'rage and hate'),
	(3932, 'pride and vanity'),
	(3979, 'hidden camera'),
	(4034, 'class society'),
	(4063, 'siege'),
	(4090, 'colony'),
	(4129, 'widow'),
	(4130, 'adoptive father'),
	(4138, 'immoderateness'),
	(4142, 'insomnia'),
	(4166, 'biotope'),
	(4240, 'watergate scandal'),
	(4290, 'toy'),
	(4344, 'musical'),
	(4379, 'time travel'),
	(4402, 'peasant'),
	(4426, 'sadism'),
	(4438, 'cousin'),
	(4458, 'post-apocalyptic'),
	(4459, 'vegetarian'),
	(4461, 'postman'),
	(4484, 'eye'),
	(4488, 'apprentice'),
	(4530, 'parking garage'),
	(4542, 'gold rush'),
	(4543, 'thanksgiving'),
	(4562, 'rapper'),
	(4563, 'virtual reality'),
	(4565, 'dystopia'),
	(4580, 'van'),
	(4654, 'undercover agent'),
	(4668, 'police operation'),
	(4735, 'pizza'),
	(4931, 'pig'),
	(4995, 'aging'),
	(5153, 'son'),
	(5155, 'bat'),
	(5202, 'boy'),
	(5248, 'female friendship'),
	(5289, 'private life'),
	(5306, 'boss'),
	(5331, 'village'),
	(5340, 'investigation'),
	(5420, 'fisherman'),
	(5430, 'police protection'),
	(5470, 'scalp'),
	(5493, 'relatives'),
	(5565, 'biography'),
	(5572, 'fistfight'),
	(5600, 'daughter'),
	(5608, 'affection'),
	(5773, 'monogamy'),
	(5885, 'childlessness'),
	(5918, 'painting'),
	(5933, 'poet'),
	(5999, 'advice'),
	(6009, 'mathematics'),
	(6018, 'new hampshire'),
	(6027, 'music'),
	(6038, 'marriage'),
	(6054, 'friendship'),
	(6059, 'unsociability'),
	(6075, 'sport'),
	(6078, 'politics'),
	(6086, 'government'),
	(6089, 'freedom'),
	(6104, 'computer'),
	(6125, 'pension'),
	(6145, 'right and justice'),
	(6148, 'court'),
	(6149, 'police'),
	(6165, 'historical figure'),
	(6186, 'games'),
	(6230, 'looking for  birth parents'),
	(6259, 'psychopath'),
	(6270, 'high school'),
	(6300, 'puppet'),
	(6305, 'pollution'),
	(6381, 'loss of daughter'),
	(6411, 'dog-sledding race'),
	(6440, 'hit-and-run driving '),
	(6464, 'uncle'),
	(6593, 'stripper'),
	(6610, 'naval officer'),
	(6664, 'make a match'),
	(6984, 'racial segregation'),
	(7208, 'spoiled child'),
	(7281, 'shooting'),
	(7345, 'dead animal'),
	(7376, 'princess'),
	(7464, 'alcoholism'),
	(7564, 'jane austen'),
	(7579, 'rich woman - poor man'),
	(7629, 'family clan'),
	(8018, 'adoptive mother'),
	(8082, 'piglet'),
	(8122, 'canyon'),
	(8438, 'job'),
	(8997, 'conscientious objector'),
	(9052, 'major'),
	(9398, 'long island'),
	(9457, 'single'),
	(9470, 'quilt'),
	(9492, 'fusion'),
	(9673, 'love'),
	(9713, 'friends'),
	(9714, 'remake'),
	(9725, 'sword fight'),
	(9727, 'thief'),
	(9748, 'revenge'),
	(9755, 'parody'),
	(9812, 'honor'),
	(9823, 'rivalry'),
	(9826, 'murder'),
	(9840, 'romance'),
	(9844, 'car crash'),
	(9880, 'alaska'),
	(9935, 'travel'),
	(9937, 'suspense'),
	(9963, 'kids and family'),
	(10051, 'heist'),
	(10084, 'rescue'),
	(10085, 'betrayal'),
	(10090, 'board game'),
	(10093, 'priest'),
	(10103, 'children'),
	(10124, 'laboratory'),
	(10131, 'interracial relationship'),
	(10158, 'alien planet'),
	(10180, 'homosexuality'),
	(10183, 'independent film'),
	(10199, 'gay interest'),
	(10235, 'family relationships'),
	(10292, 'gore'),
	(10322, 'native american'),
	(10329, 'wealth'),
	(10336, 'animation'),
	(10349, 'survival'),
	(10391, 'mafia'),
	(10410, 'conspiracy'),
	(10508, 'teacher'),
	(10562, 'on the run'),
	(10594, 'money'),
	(10614, 'tragedy'),
	(10624, 'bully'),
	(10683, 'coming of age'),
	(10700, 'hood'),
	(10707, 'mother daughter relationship'),
	(10714, 'serial killer'),
	(10718, 'fugitive'),
	(10726, 'gang'),
	(10738, 'diner'),
	(10821, 'sorcerer'),
	(10909, 'lawyer'),
	(10911, 'inheritance'),
	(10941, 'disappearance'),
	(10950, 'shootout'),
	(11004, 'rural setting'),
	(11038, 'trial'),
	(11061, 'debt'),
	(11109, 'military officer'),
	(11115, 'heroism'),
	(11148, 'police chase'),
	(11221, 'blood'),
	(11254, 'loss of virginity'),
	(11263, 'electric chair'),
	(11268, 'psychologist'),
	(11325, 'shot to death'),
	(11477, 'talking animal'),
	(11508, 'jewish'),
	(11514, 'social satire'),
	(11578, 'mobster'),
	(11869, 'mistress'),
	(11925, 'domestic violence'),
	(11931, 'spoof'),
	(11933, 'conflict'),
	(12094, 'business'),
	(12355, 'sniper rifle'),
	(12371, 'gunfight'),
	(12380, 'tournament'),
	(12392, 'best friend'),
	(12396, 'hollywood'),
	(12425, 'racism'),
	(12532, 'african american'),
	(12670, 'los angeles'),
	(12988, 'pirate'),
	(13001, 'cowardliness'),
	(13008, 'train'),
	(13014, 'orphan'),
	(13042, 'soccer'),
	(13059, 'prostitution'),
	(13065, 'soldier'),
	(13084, 'king'),
	(13125, 'sadist'),
	(13142, 'gangster'),
	(13149, 'pregnancy'),
	(13160, 'university'),
	(14512, 'new york city'),
	(14531, 'play'),
	(14536, 'crime'),
	(14601, 'explosion'),
	(14604, 'theft'),
	(14632, 'suburb'),
	(14659, 'girl'),
	(14675, 'lethal virus'),
	(14687, 'extreme violence'),
	(14760, 'scientist'),
	(14762, 'orangutan'),
	(14768, 'single mother'),
	(14819, 'violence'),
	(14964, 'drug'),
	(14967, 'foot chase'),
	(15009, 'criminal'),
	(15060, 'period drama'),
	(15076, 'cat and mouse'),
	(15090, 'police officer'),
	(15101, 'based on children s book'),
	(15149, 'monkey'),
	(15160, 'divorce'),
	(15162, 'dog'),
	(15167, 'police detective'),
	(15169, 'goose'),
	(15237, 'alcohol abuse'),
	(15263, 'park ranger'),
	(15321, 'police station'),
	(15354, 'struggle for survival'),
	(15363, 'bank robbery'),
	(15483, 'car chase'),
	(17982, 'moor'),
	(18013, 'separation'),
	(18023, 'criminal mastermind'),
	(18024, 'hungarian'),
	(18027, 'sibling'),
	(18034, 'desert'),
	(18068, 'teenage boy'),
	(18072, 'preacher'),
	(18107, 'silencer'),
	(18233, 'hostage situation'),
	(18320, 'held at gunpoint'),
	(18525, 'fbi agent'),
	(33358, 'contraception'),
	(33384, 'napoleonic wars'),
	(33386, 'old flame'),
	(33388, 'admiral'),
	(33455, 'chick flick'),
	(33456, 'double cross'),
	(33465, 'parallel world'),
	(33467, 'new home'),
	(33476, 'widower'),
	(33519, 'courtroom'),
	(33624, 'band'),
	(33625, 'illegal prostitution'),
	(33626, 'millionaire'),
	(33648, 'celebration'),
	(33671, 'german shepherd'),
	(33694, 'family holiday'),
	(33879, 'producer'),
	(34094, 'extramarital affair'),
	(34117, 'cult film'),
	(40846, 'goldfish'),
	(41277, 'umbrella'),
	(41355, 'teacher student relationship'),
	(41380, 'crucifix'),
	(41645, 'based on video game'),
	(44448, 'spaniel'),
	(44449, 'gloves'),
	(46962, 'discipline'),
	(155294, 'family conflict'),
	(155555, 'computer hacker'),
	(155582, 'amusement park'),
	(155735, 'new york subway'),
	(155793, 'attempted suicide'),
	(155808, 'hometown'),
	(156033, 'jekyll and hyde'),
	(156052, 'unemployment'),
	(156120, 'train robbery'),
	(156121, 'ex-con'),
	(156507, 'rainstorm'),
	(156510, 'horse and carriage'),
	(156512, 'decorum'),
	(156650, 'machine gun'),
	(156702, 'capture'),
	(156788, 'swat team'),
	(156816, 'grenade launcher'),
	(157955, 'childhood'),
	(158019, 'grandson'),
	(158039, 'hotel manager'),
	(158086, 'recluse'),
	(158091, 'giant insect'),
	(158175, 'bear attack'),
	(158247, 'underwater scene'),
	(158370, 'dog sled'),
	(158371, 'frozen lake'),
	(158558, 'disabled'),
	(158718, 'lgbt'),
	(159343, 'heist movie'),
	(159434, 'one last job'),
	(159608, 'con'),
	(159640, 'hiding in a dumpster'),
	(159643, 'mercy killing'),
	(159660, 'armored truck'),
	(159661, 'crushed by a car'),
	(160488, 'hoodlum'),
	(160910, 'xenophobia'),
	(160977, 'virginia'),
	(162365, 'military'),
	(162801, 'subterranean'),
	(163531, 'albino'),
	(163533, 'fainting'),
	(163534, 'jacobs ladder'),
	(163540, 'christ allegory'),
	(163543, 'psionic power'),
	(163545, 'healing power'),
	(163552, 'looking pale'),
	(163553, 'flickering light'),
	(163558, 'extrasensory perception'),
	(163795, 'recreational vehicle'),
	(164039, 'grandmother'),
	(165086, 'star crossed lovers'),
	(165503, 'boy next door'),
	(167104, 'loner'),
	(167664, 'blood spurting'),
	(167836, 'squall'),
	(167837, 'sail'),
	(167843, 'ship captain'),
	(167861, 'caribbean'),
	(167863, 'male bonding'),
	(167868, 'seasickness'),
	(168152, 'convenience store'),
	(168683, 'storm at sea'),
	(169078, 'nitrous oxide'),
	(169079, 'candid camera'),
	(169085, 'double act'),
	(169086, 'political satire'),
	(169097, 'crooked politician'),
	(170521, 'gynecologist'),
	(170533, 'photocopier'),
	(170539, 'truth or dare'),
	(170722, 'new toy'),
	(171760, 'generations conflict'),
	(173808, 'reference to pizarro'),
	(173811, 'jamestown virginia'),
	(173815, 'pug dog'),
	(173823, 'cross cultural relationship'),
	(173824, 'musket'),
	(173825, 'animate tree'),
	(174878, 'female vampire'),
	(176802, 'rogue agent'),
	(178929, 'detroit michigan'),
	(179431, 'duringcreditsstinger'),
	(180217, 'indian chief'),
	(181145, 'woman lawyer'),
	(182662, 'naturalist'),
	(185011, 'hamlet'),
	(185343, 'based on myths or folklore'),
	(187056, 'woman director'),
	(187065, 'toy comes to life'),
	(188294, 'damsel in distress'),
	(188711, 'mexican american border'),
	(188955, 'hand to hand combat'),
	(191009, 'housemaid'),
	(191441, 'nightclub entertainer'),
	(192261, 'bank job'),
	(193008, 'red army'),
	(193533, 'vice president'),
	(198129, 'episode film'),
	(204353, 'identical twin'),
	(204959, 'grieving parents'),
	(206052, 'talking pig'),
	(207268, 'neo-noir'),
	(207317, 'christmas'),
	(207716, 'actor'),
	(207928, '19th century'),
	(207941, '17th century'),
	(208009, 'gun fight'),
	(208349, 'child'),
	(208426, 'shamanism'),
	(208477, 'narcissistic personality disorder'),
	(208510, 'old men'),
	(208526, 'insect'),
	(208547, 'nuclear device'),
	(208992, '1960s'),
	(209476, 'boxing'),
	(211505, 'wildlife conservation'),
	(214472, 'stealth aircraft'),
	(214983, 'crime epic'),
	(215861, 'abandoned mine'),
	(219869, 'humvee'),
	(225547, 'songs'),
	(227811, 'boa constrictor'),
	(230456, 'indians vs. settlers'),
	(234183, 'animal sidekick'),
	(234184, 'powhatan'),
	(234185, 'land claim');

-- Dumping structure for table recommendation.keyword_movie
CREATE TABLE IF NOT EXISTS `keyword_movie` (
  `id` int NOT NULL AUTO_INCREMENT,
  `movie_id` bigint NOT NULL,
  `keyword_id` int NOT NULL,
  PRIMARY KEY (`id`),
  KEY `movie_id` (`movie_id`),
  KEY `keyword_id` (`keyword_id`),
  CONSTRAINT `keyword_movie_ibfk_1` FOREIGN KEY (`movie_id`) REFERENCES `movies` (`id`) ON DELETE CASCADE,
  CONSTRAINT `keyword_movie_ibfk_2` FOREIGN KEY (`keyword_id`) REFERENCES `keywords` (`id`) ON DELETE CASCADE
) ENGINE=InnoDB AUTO_INCREMENT=50 DEFAULT CHARSET=utf8mb4 COLLATE=utf8mb4_0900_ai_ci;

-- Dumping data for table recommendation.keyword_movie: ~49 rows (approximately)
INSERT INTO `keyword_movie` (`id`, `movie_id`, `keyword_id`) VALUES
	(1, 862, 931),
	(2, 862, 4290),
	(3, 862, 5202),
	(4, 862, 6054),
	(5, 862, 9713),
	(6, 862, 9823),
	(7, 862, 165503),
	(8, 862, 170722),
	(9, 862, 187065),
	(10, 15602, 1495),
	(11, 15602, 12392),
	(12, 15602, 179431),
	(13, 15602, 208510),
	(14, 11862, 1009),
	(15, 11862, 1599),
	(16, 11862, 2246),
	(17, 11862, 4995),
	(18, 11862, 5600),
	(19, 11862, 10707),
	(20, 11862, 13149),
	(21, 11862, 33358),
	(22, 11862, 170521),
	(23, 710, 701),
	(24, 710, 769),
	(25, 710, 1308),
	(26, 710, 2812),
	(27, 710, 3268),
	(28, 710, 3272),
	(29, 710, 3278),
	(30, 710, 3376),
	(31, 710, 3531),
	(32, 710, 3560),
	(33, 710, 3561),
	(34, 710, 3562),
	(35, 710, 3563),
	(36, 710, 3564),
	(37, 710, 193008),
	(38, 21032, 1994),
	(39, 21032, 6411),
	(40, 21032, 9880),
	(41, 21032, 15162),
	(42, 21032, 15169),
	(43, 21032, 158175),
	(44, 21032, 158370),
	(45, 21032, 158371),
	(46, 9273, 409),
	(47, 9273, 1551),
	(48, 9273, 2526),
	(49, 9273, 5155);

-- Dumping structure for table recommendation.languages
CREATE TABLE IF NOT EXISTS `languages` (
  `id` bigint NOT NULL AUTO_INCREMENT,
  `short` varchar(2) NOT NULL,
  PRIMARY KEY (`id`)
) ENGINE=InnoDB AUTO_INCREMENT=90 DEFAULT CHARSET=utf8mb4 COLLATE=utf8mb4_0900_ai_ci;

-- Dumping data for table recommendation.languages: ~89 rows (approximately)
INSERT INTO `languages` (`id`, `short`) VALUES
	(1, 'en'),
	(2, 'fr'),
	(3, 'zh'),
	(4, 'it'),
	(5, 'fa'),
	(6, 'nl'),
	(7, 'de'),
	(8, 'cn'),
	(9, 'ar'),
	(10, 'es'),
	(11, 'ru'),
	(12, 'sv'),
	(13, 'ja'),
	(14, 'ko'),
	(15, 'sr'),
	(16, 'bn'),
	(17, 'he'),
	(18, 'pt'),
	(19, 'wo'),
	(20, 'ro'),
	(21, 'hu'),
	(22, 'cy'),
	(23, 'vi'),
	(24, 'cs'),
	(25, 'da'),
	(26, 'no'),
	(27, 'nb'),
	(28, 'pl'),
	(29, 'el'),
	(30, 'sh'),
	(31, 'xx'),
	(32, 'mk'),
	(33, 'bo'),
	(34, 'ca'),
	(35, 'fi'),
	(36, 'th'),
	(37, 'sk'),
	(38, 'bs'),
	(39, 'hi'),
	(40, 'tr'),
	(41, 'is'),
	(42, 'ps'),
	(43, 'ab'),
	(44, 'eo'),
	(45, 'ka'),
	(46, 'mn'),
	(47, 'bm'),
	(48, 'zu'),
	(49, 'uk'),
	(50, 'af'),
	(51, 'la'),
	(52, 'et'),
	(53, 'ku'),
	(54, 'fy'),
	(55, 'lv'),
	(56, 'ta'),
	(57, 'sl'),
	(58, 'tl'),
	(59, 'ur'),
	(60, 'rw'),
	(61, 'id'),
	(62, 'bg'),
	(63, 'mr'),
	(64, 'lt'),
	(65, 'kk'),
	(66, 'ms'),
	(67, 'sq'),
	(68, 'qu'),
	(69, 'te'),
	(70, 'am'),
	(71, 'jv'),
	(72, 'tg'),
	(73, 'ml'),
	(74, 'hr'),
	(75, 'lo'),
	(76, 'ay'),
	(77, 'kn'),
	(78, 'eu'),
	(79, 'ne'),
	(80, 'pa'),
	(81, 'ky'),
	(82, 'gl'),
	(83, 'uz'),
	(84, 'sm'),
	(85, 'mt'),
	(86, 'hy'),
	(87, 'iu'),
	(88, 'lb'),
	(89, 'si');

-- Dumping structure for table recommendation.liked_movies
CREATE TABLE IF NOT EXISTS `liked_movies` (
  `id` bigint unsigned NOT NULL AUTO_INCREMENT,
  `user_id` bigint unsigned NOT NULL,
  `movie_id` bigint unsigned NOT NULL,
  `created_at` timestamp NULL DEFAULT NULL,
  `updated_at` timestamp NULL DEFAULT NULL,
  PRIMARY KEY (`id`),
  KEY `liked_movies_user_id_foreign` (`user_id`),
  CONSTRAINT `liked_movies_user_id_foreign` FOREIGN KEY (`user_id`) REFERENCES `users` (`id`)
) ENGINE=InnoDB AUTO_INCREMENT=4 DEFAULT CHARSET=utf8mb4 COLLATE=utf8mb4_unicode_ci;

-- Dumping data for table recommendation.liked_movies: ~0 rows (approximately)
INSERT INTO `liked_movies` (`id`, `user_id`, `movie_id`, `created_at`, `updated_at`) VALUES
	(3, 2, 9273, '2023-11-12 06:50:47', '2023-11-12 06:50:47');

-- Dumping structure for table recommendation.migrations
CREATE TABLE IF NOT EXISTS `migrations` (
  `id` int unsigned NOT NULL AUTO_INCREMENT,
  `migration` varchar(255) CHARACTER SET utf8mb4 COLLATE utf8mb4_unicode_ci NOT NULL,
  `batch` int NOT NULL,
  PRIMARY KEY (`id`)
) ENGINE=InnoDB AUTO_INCREMENT=20 DEFAULT CHARSET=utf8mb4 COLLATE=utf8mb4_unicode_ci;

-- Dumping data for table recommendation.migrations: ~0 rows (approximately)
INSERT INTO `migrations` (`id`, `migration`, `batch`) VALUES
	(1, '2014_10_12_000000_create_users_table', 1),
	(2, '2014_10_12_100000_create_password_resets_table', 1),
	(3, '2019_08_19_000000_create_failed_jobs_table', 1),
	(4, '2019_12_14_000001_create_personal_access_tokens_table', 1),
	(5, '2021_09_07_114402_create_languages_table', 1),
	(6, '2021_09_07_191657_create_movies_table', 1),
	(7, '2021_09_09_185805_create_images_table', 1),
	(8, '2021_09_11_141652_create_ratings_table', 1),
	(9, '2021_09_15_200251_create_genres_table', 1),
	(10, '2021_09_15_211604_create_genre_movie_table', 1),
	(11, '2021_09_16_193304_create_companies_table', 1),
	(12, '2021_09_16_195039_create_company_movie_table', 1),
	(13, '2021_09_16_195339_create_countries_table', 1),
	(14, '2021_09_16_195356_create_country_movie_table', 1),
	(15, '2021_09_18_155018_create_keywords_table', 1),
	(18, '2021_09_18_155637_create_keyword_movie_table', 2),
	(19, '2023_11_12_112412_create_liked_movies_table', 3);

-- Dumping structure for table recommendation.movies
CREATE TABLE IF NOT EXISTS `movies` (
  `id` bigint NOT NULL AUTO_INCREMENT,
  `title` text NOT NULL,
  `overview` text NOT NULL,
  `release_date` date DEFAULT NULL,
  `language_id` bigint DEFAULT NULL,
  PRIMARY KEY (`id`),
  KEY `language_id` (`language_id`),
  CONSTRAINT `movies_ibfk_1` FOREIGN KEY (`language_id`) REFERENCES `languages` (`id`) ON DELETE CASCADE
) ENGINE=InnoDB AUTO_INCREMENT=188589 DEFAULT CHARSET=utf8mb4 COLLATE=utf8mb4_0900_ai_ci;

-- Dumping data for table recommendation.movies: ~0 rows (approximately)
INSERT INTO `movies` (`id`, `title`, `overview`, `release_date`, `language_id`) VALUES
	(710, 'GoldenEye', 'James Bond must unmask the mysterious head of the Janus Syndicate and prevent the leader from utilizing the GoldenEye weapons system to inflict devastating revenge on Britain.', '1995-11-16', 1),
	(862, 'Toy Story', 'Led by Woody, Andy\'s toys live happily in his room until Andy\'s birthday brings Buzz Lightyear onto the scene. Afraid of losing his place in Andy\'s heart, Woody plots against Buzz. But when circumstances separate Buzz and Woody from their owner, the duo eventually learns to put aside their differences.', '1995-10-30', 1),
	(9273, 'Ace Ventura: When Nature Calls', 'Summoned from an ashram in Tibet, Ace finds himself on a perilous journey into the jungles of Africa to find Shikaka, the missing sacred animal of the friendly Wachati tribe. He must accomplish this before the wedding of the Wachati\'s Princess to the prince of the warrior Wachootoos. If Ace fails, the result will be a vicious tribal war.', '1995-11-10', 1),
	(11862, 'Father of the Bride Part II', 'Just when George Banks has recovered from his daughter\'s wedding, he receives the news that she\'s pregnant ... and that George\'s wife, Nina, is expecting too. He was planning on selling their home, but that\'s a plan that -- like George -- will have to change with the arrival of both a grandchild and a kid of his own.', '1995-02-10', 1),
	(15602, 'Grumpier Old Men', 'A family wedding reignites the ancient feud between next-door neighbors and fishing buddies John and Max. Meanwhile, a sultry Italian divorcée opens a restaurant at the local bait shop, alarming the locals who worry she\'ll scare the fish away. But she\'s less interested in seafood than she is in cooking up a hot time with Max.', '1995-12-22', 1),
	(21032, 'Balto', 'An outcast half-wolf risks his life to prevent a deadly epidemic from ravaging Nome, Alaska.', '1995-12-22', 1);

-- Dumping structure for table recommendation.password_resets
CREATE TABLE IF NOT EXISTS `password_resets` (
  `email` varchar(255) CHARACTER SET utf8mb4 COLLATE utf8mb4_unicode_ci NOT NULL,
  `token` varchar(255) CHARACTER SET utf8mb4 COLLATE utf8mb4_unicode_ci NOT NULL,
  `created_at` timestamp NULL DEFAULT NULL,
  KEY `password_resets_email_index` (`email`)
) ENGINE=InnoDB DEFAULT CHARSET=utf8mb4 COLLATE=utf8mb4_unicode_ci;

-- Dumping data for table recommendation.password_resets: ~0 rows (approximately)

-- Dumping structure for table recommendation.personal_access_tokens
CREATE TABLE IF NOT EXISTS `personal_access_tokens` (
  `id` bigint unsigned NOT NULL AUTO_INCREMENT,
  `tokenable_type` varchar(255) CHARACTER SET utf8mb4 COLLATE utf8mb4_unicode_ci NOT NULL,
  `tokenable_id` bigint unsigned NOT NULL,
  `name` varchar(255) CHARACTER SET utf8mb4 COLLATE utf8mb4_unicode_ci NOT NULL,
  `token` varchar(64) CHARACTER SET utf8mb4 COLLATE utf8mb4_unicode_ci NOT NULL,
  `abilities` text CHARACTER SET utf8mb4 COLLATE utf8mb4_unicode_ci,
  `last_used_at` timestamp NULL DEFAULT NULL,
  `created_at` timestamp NULL DEFAULT NULL,
  `updated_at` timestamp NULL DEFAULT NULL,
  PRIMARY KEY (`id`),
  UNIQUE KEY `personal_access_tokens_token_unique` (`token`),
  KEY `personal_access_tokens_tokenable_type_tokenable_id_index` (`tokenable_type`,`tokenable_id`)
) ENGINE=InnoDB DEFAULT CHARSET=utf8mb4 COLLATE=utf8mb4_unicode_ci;

-- Dumping data for table recommendation.personal_access_tokens: ~0 rows (approximately)

-- Dumping structure for table recommendation.ratings
CREATE TABLE IF NOT EXISTS `ratings` (
  `id` bigint NOT NULL AUTO_INCREMENT,
  `user_id` int NOT NULL,
  `movie_id` bigint NOT NULL,
  `rating` float NOT NULL,
  PRIMARY KEY (`id`),
  KEY `movie_id` (`movie_id`),
  CONSTRAINT `ratings_ibfk_1` FOREIGN KEY (`movie_id`) REFERENCES `movies` (`id`) ON DELETE CASCADE
) ENGINE=InnoDB AUTO_INCREMENT=104 DEFAULT CHARSET=utf8mb4 COLLATE=utf8mb4_0900_ai_ci;

-- Dumping data for table recommendation.ratings: ~0 rows (approximately)
INSERT INTO `ratings` (`id`, `user_id`, `movie_id`, `rating`) VALUES
	(101, 1, 15602, 2),
	(102, 2, 15602, 3),
	(103, 2, 9273, 4);

-- Dumping structure for table recommendation.users
CREATE TABLE IF NOT EXISTS `users` (
  `id` bigint unsigned NOT NULL AUTO_INCREMENT,
  `name` varchar(255) CHARACTER SET utf8mb4 COLLATE utf8mb4_unicode_ci NOT NULL,
  `email` varchar(255) CHARACTER SET utf8mb4 COLLATE utf8mb4_unicode_ci NOT NULL,
  `email_verified_at` timestamp NULL DEFAULT NULL,
  `is_admin` tinyint DEFAULT NULL,
  `password` varchar(255) CHARACTER SET utf8mb4 COLLATE utf8mb4_unicode_ci NOT NULL,
  `remember_token` varchar(100) CHARACTER SET utf8mb4 COLLATE utf8mb4_unicode_ci DEFAULT NULL,
  `created_at` timestamp NULL DEFAULT NULL,
  `updated_at` timestamp NULL DEFAULT NULL,
  PRIMARY KEY (`id`),
  UNIQUE KEY `users_email_unique` (`email`)
) ENGINE=InnoDB AUTO_INCREMENT=7 DEFAULT CHARSET=utf8mb4 COLLATE=utf8mb4_unicode_ci;

-- Dumping data for table recommendation.users: ~1 rows (approximately)
INSERT INTO `users` (`id`, `name`, `email`, `email_verified_at`, `is_admin`, `password`, `remember_token`, `created_at`, `updated_at`) VALUES
	(2, 'abdul', 'jidicos424@glalen.com', NULL, 0, '$2y$10$v7NLQnbljmhY1nwGsOQh5OAauOzNjRK5ZyGNxQy2GWyzzMPrMBdSe', 'AKpztpuE9xDUTElIn80nEAroGLtunhx7zTyGeIFEKJbV0xUw3fHxIRiOnRd3', '2023-11-11 17:17:53', '2023-11-11 17:17:53');

/*!40103 SET TIME_ZONE=IFNULL(@OLD_TIME_ZONE, 'system') */;
/*!40101 SET SQL_MODE=IFNULL(@OLD_SQL_MODE, '') */;
/*!40014 SET FOREIGN_KEY_CHECKS=IFNULL(@OLD_FOREIGN_KEY_CHECKS, 1) */;
/*!40101 SET CHARACTER_SET_CLIENT=@OLD_CHARACTER_SET_CLIENT */;
/*!40111 SET SQL_NOTES=IFNULL(@OLD_SQL_NOTES, 1) */;
